,A,C,D,E,F,G,H,I,K,L,M,N,P,Q,R,S,T,V,W,Y,EOS,hydrophobicity,polar,hydropathy intensity,hydrophilicity,pH_l,vdW_vol
A,1.0,0.0,0.0,0.0,0.0,0.0,0.0,0.0,0.0,0.0,0.0,0.0,0.0,0.0,0.0,0.0,0.0,0.0,0.0,0.0,0.0,0.0,0.0,0.7204510203687453,1.5183879865972272,0.1252066746396736,-0.9998904489762822
C,0.0,1.0,0.0,0.0,0.0,0.0,0.0,0.0,0.0,0.0,0.0,0.0,0.0,0.0,0.0,0.0,0.0,0.0,0.0,0.0,0.0,1.0,-1.0,0.9589787230583973,-0.48074353180664564,-0.319972612968054,-0.48643319139386704
D,0.0,0.0,1.0,0.0,0.0,0.0,0.0,0.0,0.0,0.0,0.0,0.0,0.0,0.0,0.0,0.0,0.0,0.0,0.0,0.0,0.0,2.0,1.0,-1.0855444428529069,1.5183879865972272,-1.3401751470690964,-0.3513128604511262
E,0.0,0.0,0.0,1.0,0.0,0.0,0.0,0.0,0.0,0.0,0.0,0.0,0.0,0.0,0.0,0.0,0.0,0.0,0.0,0.0,0.0,2.0,1.0,-1.0855444428529069,1.5183879865972272,-1.2010566196916816,0.13512033094274084
EOS,0.0,0.0,0.0,0.0,0.0,0.0,0.0,0.0,0.0,0.0,0.0,0.0,0.0,0.0,0.0,0.0,0.0,0.0,0.0,0.0,1.0,0.0,0.0,0.10709407059535402,0.019039347794322606,-2.661801157154538,-2.8105028836090096
F,0.0,0.0,0.0,0.0,1.0,0.0,0.0,0.0,0.0,0.0,0.0,0.0,0.0,0.0,0.0,0.0,0.0,0.0,0.0,0.0,0.0,1.0,-1.0,1.0612048813539625,-1.230417851208098,-0.11593210614784533,0.8377460518449932
G,0.0,0.0,0.0,0.0,0.0,1.0,0.0,0.0,0.0,0.0,0.0,0.0,0.0,0.0,0.0,0.0,0.0,0.0,0.0,0.0,0.0,0.0,0.0,-0.029207473798732925,0.019039347794322606,0.14839309586924268,-1.5133477065586975
H,0.0,0.0,0.0,0.0,0.0,0.0,1.0,0.0,0.0,0.0,0.0,0.0,0.0,0.0,0.0,0.0,0.0,0.0,0.0,0.0,0.0,-1.0,1.0,-0.9833182845573416,-0.2308520920061615,0.8625348697399725,0.3783369266396744
I,0.0,0.0,0.0,0.0,0.0,0.0,0.0,1.0,0.0,0.0,0.0,0.0,0.0,0.0,0.0,0.0,0.0,0.0,0.0,0.0,0.0,1.0,-1.0,1.640486445028832,-0.8805698354874202,0.14375581162332896,0.5404813237709634
K,0.0,0.0,0.0,0.0,0.0,0.0,0.0,0.0,1.0,0.0,0.0,0.0,0.0,0.0,0.0,0.0,0.0,0.0,0.0,0.0,0.0,2.0,1.0,-1.2218459872469936,1.5183879865972272,1.7899917189227383,0.8377460518449932
L,0.0,0.0,0.0,0.0,0.0,0.0,0.0,0.0,0.0,1.0,0.0,0.0,0.0,0.0,0.0,0.0,0.0,0.0,0.0,0.0,0.0,1.0,-1.0,1.4019587423391797,-0.8805698354874202,0.1252066746396736,0.5404813237709634
M,0.0,0.0,0.0,0.0,0.0,0.0,0.0,0.0,0.0,0.0,1.0,0.0,0.0,0.0,0.0,0.0,0.0,0.0,0.0,0.0,0.0,1.0,-1.0,0.754526406467267,-0.6306783956869361,4.118735793236032e-16,0.5404813237709634
N,0.0,0.0,0.0,0.0,0.0,0.0,0.0,0.0,0.0,0.0,0.0,1.0,0.0,0.0,0.0,0.0,0.0,0.0,0.0,0.0,0.0,-2.0,1.0,-1.0855444428529069,0.11899592371451626,-0.15303038011515602,-0.21619252950838536
P,0.0,0.0,0.0,0.0,0.0,0.0,0.0,0.0,0.0,0.0,0.0,0.0,1.0,0.0,0.0,0.0,0.0,0.0,0.0,0.0,0.0,-1.0,0.0,0.6523002481717018,0.019039347794322606,0.2596879177711747,-0.3783369266396744
Q,0.0,0.0,0.0,0.0,0.0,0.0,0.0,0.0,0.0,0.0,0.0,0.0,0.0,1.0,0.0,0.0,0.0,0.0,0.0,0.0,0.0,-2.0,1.0,-1.0855444428529069,0.11899592371451626,-0.04173555821322399,0.2702406618854817
R,0.0,0.0,0.0,0.0,0.0,0.0,0.0,0.0,0.0,0.0,0.0,0.0,0.0,0.0,1.0,0.0,0.0,0.0,0.0,0.0,0.0,2.0,1.0,-1.426298303838124,1.5183879865972272,2.327916691448743,1.1890589122961195
S,0.0,0.0,0.0,0.0,0.0,0.0,0.0,0.0,0.0,0.0,0.0,0.0,0.0,0.0,0.0,1.0,0.0,0.0,0.0,0.0,0.0,-2.0,0.0,-0.16550901819281988,0.16897421167461307,-0.027823705475482796,-0.8377460518449932
T,0.0,0.0,0.0,0.0,0.0,0.0,0.0,0.0,0.0,0.0,0.0,0.0,0.0,0.0,0.0,0.0,1.0,0.0,0.0,0.0,0.0,-2.0,0.0,-0.13143363209429812,-0.18087380404606468,-0.06492197944279347,-0.29726472807402987
V,0.0,0.0,0.0,0.0,0.0,0.0,0.0,0.0,0.0,0.0,0.0,0.0,0.0,0.0,0.0,0.0,0.0,1.0,0.0,0.0,0.0,1.0,-1.0,1.5382602867332669,-0.7306349716071298,0.12056939039375988,0.02702406618854817
W,0.0,0.0,0.0,0.0,0.0,0.0,0.0,0.0,0.0,0.0,0.0,0.0,0.0,0.0,0.0,0.0,0.0,0.0,1.0,0.0,0.0,1.0,-1.0,-0.1995844042913416,-1.6802224428489694,0.06955926368870761,1.594419905124342
Y,0.0,0.0,0.0,0.0,0.0,0.0,0.0,0.0,0.0,0.0,0.0,0.0,0.0,0.0,0.0,0.0,0.0,0.0,0.0,1.0,0.0,-2.0,-1.0,-0.33588594868542854,-1.1304612752879044,-0.046372842459138135,0.9998904489762822
